Workbook

Sheet Sommaire
B2: Vehicules neuf
B4: Classement | C4: Unite | D4: % unite | E4: Montant | F4: % Montant
B5: 301 & + | C5: =COUNTIF(Neuf!G:G,Sommaire!B5) -> 4 | D5: =C5/$C$12 -> 0.021052632 | E5: =SUMIF(Neuf!G:G,Sommaire!B5,Neuf!C:C) -> 272374.27 | F5: =E5/$E$12 -> 0.033450044
B6: 181-300 | C6: =COUNTIF(Neuf!G:G,Sommaire!B6) -> 28 | D6: =C6/$C$12 -> 0.14736842 | E6: =SUMIF(Neuf!G:G,Sommaire!B6,Neuf!C:C) -> 1338198.9 | F6: =E6/$E$12 -> 0.16434303
B7: 121-180 | C7: =COUNTIF(Neuf!G:G,Sommaire!B7) -> 16 | D7: =C7/$C$12 -> 0.084210526 | E7: =SUMIF(Neuf!G:G,Sommaire!B7,Neuf!C:C) -> 624737.1 | F7: =E7/$E$12 -> 0.076723412
B8: 91-120 | C8: =COUNTIF(Neuf!G:G,Sommaire!B8) -> 12 | D8: =C8/$C$12 -> 0.063157895 | E8: =SUMIF(Neuf!G:G,Sommaire!B8,Neuf!C:C) -> 485613.87 | F8: =E8/$E$12 -> 0.059637811
B9: 61-90 | C9: =COUNTIF(Neuf!G:G,Sommaire!B9) -> 14 | D9: =C9/$C$12 -> 0.073684211 | E9: =SUMIF(Neuf!G:G,Sommaire!B9,Neuf!C:C) -> 584908.93 | F9: =E9/$E$12 -> 0.071832149
B10: 31-60 | C10: =COUNTIF(Neuf!G:G,Sommaire!B10) -> 32 | D10: =C10/$C$12 -> 0.16842105 | E10: =SUMIF(Neuf!G:G,Sommaire!B10,Neuf!C:C) -> 1339745.1 | F10: =E10/$E$12 -> 0.16453291
B11: 0-30 | C11: =COUNTIF(Neuf!G:G,Sommaire!B11) -> 84 | D11: =C11/$C$12 -> 0.44210526 | E11: =SUMIF(Neuf!G:G,Sommaire!B11,Neuf!C:C) -> 3497139.8 | F11: =E11/$E$12 -> 0.42948065
B12: Total | C12: =SUM(C5:C11) -> 190 | D12: =SUM(D5:D11) -> 1 | E12: =SUM(E5:E11) -> 8142717.9 | F12: =SUM(F5:F11) -> 1
B13: Valeur moyenne reel | E13: =E12/C12 -> 42856.41
B15: Budget | C15: =#REF! -> #REF! | D15: =C12/C15 -> #REF! | E15: =#REF! -> #REF! | F15: =E12/E15 -> #REF!
B16: Ecart | C16: =C12-C15 -> #REF! | E16: =E12-E15 -> #REF!
B17: Valeur moyenne budgete | E17: =E15/C15 -> #REF!
B21: Vehicules usages
B23: Classement | C23: Unite | D23: % unite | E23: Montant | F23: % Montant
B24: 301 & + | C24: =COUNTIF(Usages!G:G,Sommaire!B24) -> 3 | D24: =C24/$C$31 -> 0.06 | E24: =SUMIF(Usages!G:G,Sommaire!B24,Usages!C:C) -> 63278.29 | F24: =E24/$E$31 -> 0.058296791
B25: 181-300 | C25: =COUNTIF(Usages!G:G,Sommaire!B25) -> 0 | D25: =C25/$C$31 -> 0 | E25: =SUMIF(Usages!G:G,Sommaire!B25,Usages!C:C) -> 0 | F25: =E25/$E$31 -> 0
B26: 121-180 | C26: =COUNTIF(Usages!G:G,Sommaire!B26) -> 0 | D26: =C26/$C$31 -> 0 | E26: =SUMIF(Usages!G:G,Sommaire!B26,Usages!C:C) -> 0 | F26: =E26/$E$31 -> 0
B27: 91-120 | C27: =COUNTIF(Usages!G:G,Sommaire!B27) -> 2 | D27: =C27/$C$31 -> 0.04 | E27: =SUMIF(Usages!G:G,Sommaire!B27,Usages!C:C) -> 54067.19 | F27: =E27/$E$31 -> 0.049810823
B28: 61-90 | C28: =COUNTIF(Usages!G:G,Sommaire!B28) -> 3 | D28: =C28/$C$31 -> 0.06 | E28: =SUMIF(Usages!G:G,Sommaire!B28,Usages!C:C) -> 57776.87 | F28: =E28/$E$31 -> 0.053228463
B29: 31-60 | C29: =COUNTIF(Usages!G:G,Sommaire!B29) -> 13 | D29: =C29/$C$31 -> 0.26 | E29: =SUMIF(Usages!G:G,Sommaire!B29,Usages!C:C) -> 317063.17 | F29: =E29/$E$31 -> 0.2921028
B30: 0-30 | C30: =COUNTIF(Usages!G:G,Sommaire!B30) -> 29 | D30: =C30/$C$31 -> 0.58 | E30: =SUMIF(Usages!G:G,Sommaire!B30,Usages!C:C) -> 593265.13 | F30: =E30/$E$31 -> 0.54656113
B31: Total | C31: =SUM(C24:C30) -> 50 | D31: =SUM(D24:D30) -> 1 | E31: =SUM(E24:E30) -> 1085450.6 | F31: =E31/$E$31 -> 1
B32: Valeur moyenne reel | E32: =E31/C31 -> 21709.013
O33: Homme de cours
B34: Budget | C34: =#REF! -> #REF! | D34: =C31/C34 -> #REF! | E34: =#REF! -> #REF! | F34: =E31/E34 -> #REF! | O34: Homme de cours
B35: Ecart | C35: =C31-C34 -> #REF! | E35: =E31-E34 -> #REF!
B36: Valeur moyenne budgete | E36: =E34/C34 -> #REF!

Sheet Neuf
A1: #Contrôle | B1: Description | C1: 1402 | D1: 2101 | E1: NIV | F1: Jours en stock | G1: Classement | J1: $ Inventaire | K1: $ Financé
A2: 250187 | B2: 25 VOLKSWAGEN ID.BUZZ | C2: 85586.87 | D2: -88722.9 | E2: WVG6YVEB1SH027640 | F2: 376 | G2: =IFS(F2<31,"0-30",F2<61,"31-60",F2<91,"61-90",F2<121,"91-120",F2<181,"121-180",F2<301,"181-300",F2>300,"301 & +") -> 301 & + | I2: CTRL | J2: =SUM(C:C) -> 8142717.9 | K2: =SUM(D:D) -> -8073099.3
A3: 250228 | B3: 25 VOLKSWAGEN ID.4 | C3: 61456.86 | E3: 1V2JSPE84SC001030 | F3: 349 | G3: =IFS(F3<31,"0-30",F3<61,"31-60",F3<91,"61-90",F3<121,"91-120",F3<181,"121-180",F3<301,"181-300",F3>300,"301 & +") -> 301 & + | I3: # unités | J3: =COUNT(C:C) -> 190 | K3: =-K2/J2 -> 0.9914502
A4: 250281 | B4: 25 VOLKSWAGEN ID.4 | C4: 63600.32 | D4: -65270.1 | E4: 1V29SPE85SC003730 | F4: 307 | G4: =IFS(F4<31,"0-30",F4<61,"31-60",F4<91,"61-90",F4<121,"91-120",F4<181,"121-180",F4<301,"181-300",F4>300,"301 & +") -> 301 & +
A5: 250277 | B5: 25 VOLKSWAGEN ID.4 | C5: 61730.22 | D5: -64778.7 | E5: 1V2ASPE80SC003373 | F5: 307 | G5: =IFS(F5<31,"0-30",F5<61,"31-60",F5<91,"61-90",F5<121,"91-120",F5<181,"121-180",F5<301,"181-300",F5>300,"301 & +") -> 301 & +
A6: 250294 | B6: 25 VOLKSWAGEN JETTA SEDAN | C6: 30839.96 | E6: 3VWEX7BU7SM074572 | F6: 299 | G6: =IFS(F6<31,"0-30",F6<61,"31-60",F6<91,"61-90",F6<121,"91-120",F6<181,"121-180",F6<301,"181-300",F6>300,"301 & +") -> 181-300 | N6: Financé | O6: Interet / mois | P6: Interet / auto
A7: 250301 | B7: 25 VOLKSWAGEN ID.4 | C7: 62928.32 | D7: -66251.85 | E7: 1V29SPE81SC002638 | F7: 295 | G7: =IFS(F7<31,"0-30",F7<61,"31-60",F7<91,"61-90",F7<121,"91-120",F7<181,"121-180",F7<301,"181-300",F7>300,"301 & +") -> 181-300 | I7: Plus de 365 jrs | J7: =COUNTIF(F:F,">=365") -> 1 | K7: =SUMIF(F:F,">=365",C:C) -> 85586.87 | M7: =COUNTIFS(F:F,">=365",D:D,"<>"&"") -> 1 | N7: =SUMIF(F:F,">=365",D:D) -> -88722.9 | O7: =N7*0.07/12 -> -517.55025 | P7: =IF(J7=0,0,O7/J7) -> -517.55025
A8: 250302 | B8: 25 VOLKSWAGEN JETTA SEDAN | C8: 33727.2 | D8: -33332.25 | E8: 3VWGX7BU2SM087917 | F8: 295 | G8: =IFS(F8<31,"0-30",F8<61,"31-60",F8<91,"61-90",F8<121,"91-120",F8<181,"121-180",F8<301,"181-300",F8>300,"301 & +") -> 181-300 | I8: Entre 180 et 364 jours | J8: =COUNTIFS(F:F,"<365",F:F,">=180") -> 33 | K8: =SUMIFS(C:C,F:F,"<365",F:F,">=180") -> 1602534 | M8: =COUNTIFS(F:F,"<365",F:F,">=180",D:D,"<>"&"") -> 31 | N8: =SUMIFS(D:D,F:F,"<365",F:F,">=180") -> -1559211.1 | O8: =N8*0.07/12 -> -9095.3984 | P8: =IF(J8=0,0,O8/J8) -> -275.61813
A9: 250341 | B9: 25 VOLKSWAGEN ID.4 | C9: 62577.9 | D9: -65760.45 | E9: 1V29SPE80SC004168 | F9: 281 | G9: =IFS(F9<31,"0-30",F9<61,"31-60",F9<91,"61-90",F9<121,"91-120",F9<181,"121-180",F9<301,"181-300",F9>300,"301 & +") -> 181-300 | I9: Entre 90 et 179 jours | J9: =COUNTIFS(F:F,"<180",F:F,">=90") -> 26 | K9: =SUMIFS(C:C,F:F,"<180",F:F,">=90") -> 1032803.3 | M9: =COUNTIFS(F:F,"<180",F:F,">=90",D:D,"<>"&"") -> 25 | N9: =SUMIFS(D:D,F:F,"<180",F:F,">=90") -> -1029738.2 | O9: =N9*0.07/12 -> -6006.8059 | P9: =IF(M9=0,0,O9/M9) -> -240.27223
A10: 250350 | B10: 25 VOLKSWAGEN ID.4 | C10: 59277.15 | D10: -60545.1 | E10: 1V2XRPE86SC000287 | F10: 281 | G10: =IFS(F10<31,"0-30",F10<61,"31-60",F10<91,"61-90",F10<121,"91-120",F10<181,"121-180",F10<301,"181-300",F10>300,"301 & +") -> 181-300 | I10: Entre 0 et 89 jours | J10: =COUNTIF(F:F,"<90") -> 130 | K10: =SUMIF(F:F,"<90",C:C) -> 5421793.8 | M10: =COUNTIFS(F:F,"<90",D:D,"<>"&"") -> 123 | N10: =SUMIF(F:F,"<90",D:D) -> -5395427.1 | O10: =N10*0.07/12 -> -31473.325 | P10: =IF(M10=0,0,O10/M10) -> -255.88069
A11: 250361 | B11: 25 VOLKSWAGEN ID.4 | C11: 62373.22 | D11: -65270.1 | E11: 1V29SPE89SC003827 | F11: 279 | G11: =IFS(F11<31,"0-30",F11<61,"31-60",F11<91,"61-90",F11<121,"91-120",F11<181,"121-180",F11<301,"181-300",F11>300,"301 & +") -> 181-300
A12: 250357 | B12: 25 VOLKSWAGEN ID.4 | C12: 62119.22 | D12: -65270.1 | E12: 1V29SPE81SC004731 | F12: 279 | G12: =IFS(F12<31,"0-30",F12<61,"31-60",F12<91,"61-90",F12<121,"91-120",F12<181,"121-180",F12<301,"181-300",F12>300,"301 & +") -> 181-300
A13: 250360 | B13: 25 VOLKSWAGEN ID.4 | C13: 58058.22 | D13: -61035.45 | E13: 1V2XRPE86SC004372 | F13: 279 | G13: =IFS(F13<31,"0-30",F13<61,"31-60",F13<91,"61-90",F13<121,"91-120",F13<181,"121-180",F13<301,"181-300",F13>300,"301 & +") -> 181-300
A14: 250366 | B14: 25 VOLKSWAGEN ID.4 | C14: 67741.99 | D14: -67233.6 | E14: 1V2ASPE80SC004913 | F14: 278 | G14: =IFS(F14<31,"0-30",F14<61,"31-60",F14<91,"61-90",F14<121,"91-120",F14<181,"121-180",F14<301,"181-300",F14>300,"301 & +") -> 181-300
A15: 250377 | B15: 25 VOLKSWAGEN ID.4 | C15: 63054.22 | D15: -66251.85 | E15: 1V29SPE87SC003812 | F15: 277 | G15: =IFS(F15<31,"0-30",F15<61,"31-60",F15<91,"61-90",F15<121,"91-120",F15<181,"121-180",F15<301,"181-300",F15>300,"301 & +") -> 181-300
A16: 250399 | B16: 25 VOLKSWAGEN ID.4 | C16: 62198.22 | D16: -65270.1 | E16: 1V29SPE80SC005255 | F16: 270 | G16: =IFS(F16<31,"0-30",F16<61,"31-60",F16<91,"61-90",F16<121,"91-120",F16<181,"121-180",F16<301,"181-300",F16>300,"301 & +") -> 181-300
A17: 250400 | B17: 25 VOLKSWAGEN ID.4 | C17: 62119.22 | D17: -65270.1 | E17: 1V29SPE80SC004882 | F17: 270 | G17: =IFS(F17<31,"0-30",F17<61,"31-60",F17<91,"61-90",F17<121,"91-120",F17<181,"121-180",F17<301,"181-300",F17>300,"301 & +") -> 181-300
A18: 250397 | B18: 25 VOLKSWAGEN ID.4 | C18: 61730.22 | D18: -64778.7 | E18: 1V29SPE89SC004007 | F18: 270 | G18: =IFS(F18<31,"0-30",F18<61,"31-60",F18<91,"61-90",F18<121,"91-120",F18<181,"121-180",F18<301,"181-300",F18>300,"301 & +") -> 181-300
A19: 250412 | B19: 25 VOLKSWAGEN ID.4 | C19: 58545.9 | D19: -61526.85 | E19: 1V2XRPE84SC004046 | F19: 266 | G19: =IFS(F19<31,"0-30",F19<61,"31-60",F19<91,"61-90",F19<121,"91-120",F19<181,"121-180",F19<301,"181-300",F19>300,"301 & +") -> 181-300
A20: 250429 | B20: 25 VOLKSWAGEN ID.4 | C20: 63054.22 | D20: -66251.85 | E20: 1V29SPE88SC004595 | F20: 264 | G20: =IFS(F20<31,"0-30",F20<61,"31-60",F20<91,"61-90",F20<121,"91-120",F20<181,"121-180",F20<301,"181-300",F20>300,"301 & +") -> 181-300
A21: 250431 | B21: 25 VOLKSWAGEN ID.4 | C21: 63026.22 | D21: -66251.85 | E21: 1V29SPE86SC002697 | F21: 264 | G21: =IFS(F21<31,"0-30",F21<61,"31-60",F21<91,"61-90",F21<121,"91-120",F21<181,"121-180",F21<301,"181-300",F21>300,"301 & +") -> 181-300
A22: 250422 | B22: 25 VOLKSWAGEN JETTA SEDAN | C22: 28609.55 | D22: -28242.9 | E22: 3VWCX7BU6SM096375 | F22: 264 | G22: =IFS(F22<31,"0-30",F22<61,"31-60",F22<91,"61-90",F22<121,"91-120",F22<181,"121-180",F22<301,"181-300",F22>300,"301 & +") -> 181-300
... A35: 260048 | B35: 26 VOLKSWAGEN TAOS | C35: 38045.82 | D35: -39744.6 | E35: 3VV2C7B24TM009052 | F35: 180 | G35: =IFS(F35<31,"0-30",F35<61,"31-60",F35<91,"61-90",F35<121,"91-120",F35<181,"121-180",F35<301,"181-300",F35>300,"301 & +") -> 121-180
A36: 260054 | B36: 26 VOLKSWAGEN TAOS | C36: 37968.87 | E36: 3VV2C7B29TM009564 | F36: 173 | G36: =IFS(F36<31,"0-30",F36<61,"31-60",F36<91,"61-90",F36<121,"91-120",F36<181,"121-180",F36<301,"181-300",F36>300,"301 & +") -> 121-180
A37: 260064 | B37: 26 VOLKSWAGEN TAOS | C37: 34786.68 | D37: -34633.2 | E37: 3VV8C7B2XTM002438 | F37: 168 | G37: =IFS(F37<31,"0-30",F37<61,"31-60",F37<91,"61-90",F37<121,"91-120",F37<181,"121-180",F37<301,"181-300",F37>300,"301 & +") -> 121-180
A38: 260059 | B38: 26 VOLKSWAGEN JETTA SEDAN | C38: 27907.82 | D38: -28977.9 | E38: 3VWCW7BU1TM009499 | F38: 168 | G38: =IFS(F38<31,"0-30",F38<61,"31-60",F38<91,"61-90",F38<121,"91-120",F38<181,"121-180",F38<301,"181-300",F38>300,"301 & +") -> 121-180
A39: 260080 | B39: 26 VOLKSWAGEN TAOS | C39: 39043.82 | D39: -40792.5 | E39: 3VV4C7B2XTM011946 | F39: 161 | G39: =IFS(F39<31,"0-30",F39<61,"31-60",F39<91,"61-90",F39<121,"91-120",F39<181,"121-180",F39<301,"181-300",F39>300,"301 & +") -> 121-180
A40: 260094 | B40: 26 VOLKSWAGEN TIGUAN | C40: 40219.9 | D40: -41778.45 | E40: 3VVER7RM7TM009520 | F40: 160 | G40: =IFS(F40<31,"0-30",F40<61,"31-60",F40<91,"61-90",F40<121,"91-120",F40<181,"121-180",F40<301,"181-300",F40>300,"301 & +") -> 121-180
A41: 260089 | B41: 26 VOLKSWAGEN TAOS | C41: 37582.82 | D41: -39258.45 | E41: 3VV2C7B24TM012663 | F41: 160 | G41: =IFS(F41<31,"0-30",F41<61,"31-60",F41<91,"61-90",F41<121,"91-120",F41<181,"121-180",F41<301,"181-300",F41>300,"301 & +") -> 121-180
A42: 260092 | B42: 26 VOLKSWAGEN TAOS | C42: 37582.82 | D42: -39258.45 | E42: 3VV2C7B2XTM012683 | F42: 160 | G42: =IFS(F42<31,"0-30",F42<61,"31-60",F42<91,"61-90",F42<121,"91-120",F42<181,"121-180",F42<301,"181-300",F42>300,"301 & +") -> 121-180
A43: 260101 | B43: 26 VOLKSWAGEN TAOS | C43: 39043.82 | D43: -40792.5 | E43: 3VV4C7B21TM010734 | F43: 159 | G43: =IFS(F43<31,"0-30",F43<61,"31-60",F43<91,"61-90",F43<121,"91-120",F43<181,"121-180",F43<301,"181-300",F43>300,"301 & +") -> 121-180
A44: 260105 | B44: 26 VOLKSWAGEN TIGUAN | C44: 38299.09 | D44: -38935.05 | E44: 3VVBR7RM7TM008743 | F44: 159 | G44: =IFS(F44<31,"0-30",F44<61,"31-60",F44<91,"61-90",F44<121,"91-120",F44<181,"121-180",F44<301,"181-300",F44>300,"301 & +") -> 121-180
A45: 260099 | B45: 26 VOLKSWAGEN JETTA SEDAN | C45: 28697.22 | D45: -28977.9 | E45: 3VWCW7BU6TM011300 | F45: 159 | G45: =IFS(F45<31,"0-30",F45<61,"31-60",F45<91,"61-90",F45<121,"91-120",F45<181,"121-180",F45<301,"181-300",F45>300,"301 & +") -> 121-180
A46: 260110 | B46: 26 VOLKSWAGEN JETTA SEDAN | C46: 28643.22 | D46: -28977.9 | E46: 3VWCW7BU7TM011449 | F46: 159 | G46: =IFS(F46<31,"0-30",F46<61,"31-60",F46<91,"61-90",F46<121,"91-120",F46<181,"121-180",F46<301,"181-300",F46>300,"301 & +") -> 121-180
A47: 260168 | B47: 25 VOLKSWAGEN ID.BUZZ | C47: 84885.22 | D47: -88722.9 | E47: WVG6YVEB5SH041704 | F47: 145 | G47: =IFS(F47<31,"0-30",F47<61,"31-60",F47<91,"61-90",F47<121,"91-120",F47<181,"121-180",F47<301,"181-300",F47>300,"301 & +") -> 121-180
A48: 260194 | B48: 26 VOLKSWAGEN TIGUAN | C48: 37941.99 | D48: -38935.05 | E48: 3VVBR7RM4TM025189 | F48: 127 | G48: =IFS(F48<31,"0-30",F48<61,"31-60",F48<91,"61-90",F48<121,"91-120",F48<181,"121-180",F48<301,"181-300",F48>300,"301 & +") -> 121-180
... A73: 260340 | B73: 26 VOLKSWAGEN TIGUAN | C73: 39679.82 | D73: -41783.7 | E73: 3VVER7RM4TM053961 | F73: 75 | G73: =IFS(F73<31,"0-30",F73<61,"31-60",F73<91,"61-90",F73<121,"91-120",F73<181,"121-180",F73<301,"181-300",F73>300,"301 & +") -> 61-90
A74: 260343 | B74: 26 VOLKSWAGEN TIGUAN | C74: 44159.27 | E74: 3VVGR7RM8TM052854 | F74: 69 | G74: =IFS(F74<31,"0-30",F74<61,"31-60",F74<91,"61-90",F74<121,"91-120",F74<181,"121-180",F74<301,"181-300",F74>300,"301 & +") -> 61-90
A75: 260349 | B75: 26 VOLKSWAGEN TAOS | C75: 37268.82 | D75: -39263.7 | E75: 3VV2C7B21TM038332 | F75: 61 | G75: =IFS(F75<31,"0-30",F75<61,"31-60",F75<91,"61-90",F75<121,"91-120",F75<181,"121-180",F75<301,"181-300",F75>300,"301 & +") -> 61-90
A76: 260359 | B76: 26 VOLKSWAGEN TAOS | C76: 37268.82 | D76: -39263.7 | E76: 3VV2C7B29TM040393 | F76: 54 | G76: =IFS(F76<31,"0-30",F76<61,"31-60",F76<91,"61-90",F76<121,"91-120",F76<181,"121-180",F76<301,"181-300",F76>300,"301 & +") -> 31-60
A77: 260364 | B77: 26 VOLKSWAGEN TIGUAN | C77: 46051.08 | D77: -45668.7 | E77: 3VVGR7RM6TM062735 | F77: 50 | G77: =IFS(F77<31,"0-30",F77<61,"31-60",F77<91,"61-90",F77<121,"91-120",F77<181,"121-180",F77<301,"181-300",F77>300,"301 & +") -> 31-60
A78: 260379 | B78: 26 VOLKSWAGEN TIGUAN | C78: 36971.82 | D78: -38940.3 | E78: 3VVBR7RM0TM067567 | F78: 48 | G78: =IFS(F78<31,"0-30",F78<61,"31-60",F78<91,"61-90",F78<121,"91-120",F78<181,"121-180",F78<301,"181-300",F78>300,"301 & +") -> 31-60
A79: 260374 | B79: 26 VOLKSWAGEN TIGUAN | C79: 36966.82 | D79: -38940.3 | E79: 3VVBR7RM6TM067752 | F79: 48 | G79: =IFS(F79<31,"0-30",F79<61,"31-60",F79<91,"61-90",F79<121,"91-120",F79<181,"121-180",F79<301,"181-300",F79>300,"301 & +") -> 31-60
A80: 260373 | B80: 26 VOLKSWAGEN TIGUAN | C80: 36881.82 | D80: -38940.3 | E80: 3VVBR7RM4TM065479 | F80: 48 | G80: =IFS(F80<31,"0-30",F80<61,"31-60",F80<91,"61-90",F80<121,"91-120",F80<181,"121-180",F80<301,"181-300",F80>300,"301 & +") -> 31-60
A81: 260383 | B81: 26 VOLKSWAGEN TAOS | C81: 38604.82 | D81: -40234.95 | E81: 3VV2C7B23TM044827 | F81: 43 | G81: =IFS(F81<31,"0-30",F81<61,"31-60",F81<91,"61-90",F81<121,"91-120",F81<181,"121-180",F81<301,"181-300",F81>300,"301 & +") -> 31-60
A82: 260384 | B82: 26 VOLKSWAGEN TAOS | C82: 38278.82 | D82: -40234.95 | E82: 3VV2C7B24TM044349 | F82: 43 | G82: =IFS(F82<31,"0-30",F82<61,"31-60",F82<91,"61-90",F82<121,"91-120",F82<181,"121-180",F82<301,"181-300",F82>300,"301 & +") -> 31-60
A83: 260387 | B83: 26 VOLKSWAGEN TAOS | C83: 37731.82 | D83: -39749.85 | E83: 3VV2C7B27TM045219 | F83: 43 | G83: =IFS(F83<31,"0-30",F83<61,"31-60",F83<91,"61-90",F83<121,"91-120",F83<181,"121-180",F83<301,"181-300",F83>300,"301 & +") -> 31-60
A84: 260386 | B84: 26 VOLKSWAGEN TAOS | C84: 37695.92 | D84: -39749.85 | E84: 3VV2C7B24TM043170 | F84: 43 | G84: =IFS(F84<31,"0-30",F84<61,"31-60",F84<91,"61-90",F84<121,"91-120",F84<181,"121-180",F84<301,"181-300",F84>300,"301 & +") -> 31-60
A85: 260385 | B85: 26 VOLKSWAGEN TIGUAN | C85: 36971.82 | D85: -38940.3 | E85: 3VVBR7RM9TM070449 | F85: 43 | G85: =IFS(F85<31,"0-30",F85<61,"31-60",F85<91,"61-90",F85<121,"91-120",F85<181,"121-180",F85<301,"181-300",F85>300,"301 & +") -> 31-60
A86: 260393 | B86: 26 VOLKSWAGEN TIGUAN | C86: 43374.82 | D86: -45668.7 | E86: 3VVGR7RM8TM069069 | F86: 42 | G86: =IFS(F86<31,"0-30",F86<61,"31-60",F86<91,"61-90",F86<121,"91-120",F86<181,"121-180",F86<301,"181-300",F86>300,"301 & +") -> 31-60
... A106: 260427 | B106: 26 VOLKSWAGEN JETTA GLI | C106: 36069.82 | D106: -37621.5 | E106: 3VW1M7BU7TM041838 | F106: 33 | G106: =IFS(F106<31,"0-30",F106<61,"31-60",F106<91,"61-90",F106<121,"91-120",F106<181,"121-180",F106<301,"181-300",F106>300,"301 & +") -> 31-60
A107: 260435 | B107: 26 VOLKSWAGEN GOLF GTI | C107: 41894.32 | E107: WVWNE7CDXTW204465 | F107: 32 | G107: =IFS(F107<31,"0-30",F107<61,"31-60",F107<91,"61-90",F107<121,"91-120",F107<181,"121-180",F107<301,"181-300",F107>300,"301 & +") -> 31-60
A108: 260445 | B108: 26 VOLKSWAGEN ATLAS CROSS SPT | C108: 58717.82 | D108: -61785.15 | E108: 1V2FC2CA5TC220737 | F108: 26 | G108: =IFS(F108<31,"0-30",F108<61,"31-60",F108<91,"61-90",F108<121,"91-120",F108<181,"121-180",F108<301,"181-300",F108>300,"301 & +") -> 0-30
A109: 260449 | B109: 26 VOLKSWAGEN ATLAS CROSS SPT | C109: 57014.67 | D109: -59997 | E109: 1V2BC2CA2TC220791 | F109: 26 | G109: =IFS(F109<31,"0-30",F109<61,"31-60",F109<91,"61-90",F109<121,"91-120",F109<181,"121-180",F109<301,"181-300",F109>300,"301 & +") -> 0-30
A110: 260444 | B110: 26 VOLKSWAGEN GOLF R | C110: 52834.82 | D110: -55402.2 | E110: WVWKF7CD3TW211547 | F110: 26 | G110: =IFS(F110<31,"0-30",F110<61,"31-60",F110<91,"61-90",F110<121,"91-120",F110<181,"121-180",F110<301,"181-300",F110>300,"301 & +") -> 0-30
A111: 260450 | B111: 26 VOLKSWAGEN GOLF R | C111: 51046.67 | D111: -53619.3 | E111: WVWJF7CD4TW206028 | F111: 26 | G111: =IFS(F111<31,"0-30",F111<61,"31-60",F111<91,"61-90",F111<121,"91-120",F111<181,"121-180",F111<301,"181-300",F111>300,"301 & +") -> 0-30
A112: 260442 | B112: 26 VOLKSWAGEN ATLAS | C112: 50909.82 | D112: -53586.75 | E112: 1V2LN2CA7TC550392 | F112: 26 | G112: =IFS(F112<31,"0-30",F112<61,"31-60",F112<91,"61-90",F112<121,"91-120",F112<181,"121-180",F112<301,"181-300",F112>300,"301 & +") -> 0-30
A113: 260448 | B113: 26 VOLKSWAGEN TIGUAN | C113: 47636.82 | D113: -50143.8 | E113: 3VVUW7RM3TM076068 | F113: 26 | G113: =IFS(F113<31,"0-30",F113<61,"31-60",F113<91,"61-90",F113<121,"91-120",F113<181,"121-180",F113<301,"181-300",F113>300,"301 & +") -> 0-30
A114: 260447 | B114: 26 VOLKSWAGEN TIGUAN | C114: 39589.82 | D114: -41783.7 | E114: 3VVER7RM6TM076111 | F114: 26 | G114: =IFS(F114<31,"0-30",F114<61,"31-60",F114<91,"61-90",F114<121,"91-120",F114<181,"121-180",F114<301,"181-300",F114>300,"301 & +") -> 0-30
A115: 260446 | B115: 26 VOLKSWAGEN TAOS | C115: 37811.82 | D115: -39744.6 | E115: 3VV2C7B23TM049171 | F115: 26 | G115: =IFS(F115<31,"0-30",F115<61,"31-60",F115<91,"61-90",F115<121,"91-120",F115<181,"121-180",F115<301,"181-300",F115>300,"301 & +") -> 0-30
A116: 260443 | B116: 26 VOLKSWAGEN TAOS | C116: 37353.82 | D116: -39263.7 | E116: 3VV2C7B2XTM048471 | F116: 26 | G116: =IFS(F116<31,"0-30",F116<61,"31-60",F116<91,"61-90",F116<121,"91-120",F116<181,"121-180",F116<301,"181-300",F116>300,"301 & +") -> 0-30
A117: 260440 | B117: 26 VOLKSWAGEN JETTA SEDAN | C117: 32940 | E117: 3VWGW7BU4TM013273 | F117: 26 | G117: =IFS(F117<31,"0-30",F117<61,"31-60",F117<91,"61-90",F117<121,"91-120",F117<181,"121-180",F117<301,"181-300",F117>300,"301 & +") -> 0-30
A118: 260453 | B118: 26 VOLKSWAGEN TIGUAN | C118: 41332 | E118: 3VVMR7RM7TM077828 | F118: 25 | G118: =IFS(F118<31,"0-30",F118<61,"31-60",F118<91,"61-90",F118<121,"91-120",F118<181,"121-180",F118<301,"181-300",F118>300,"301 & +") -> 0-30
A119: 260458 | B119: 26 VOLKSWAGEN GOLF R | C119: 53806.67 | D119: -56517.3 | E119: WVWJF7CD2TW206917 | F119: 22 | G119: =IFS(F119<31,"0-30",F119<61,"31-60",F119<91,"61-90",F119<121,"91-120",F119<181,"121-180",F119<301,"181-300",F119>300,"301 & +") -> 0-30
A120: 260461 | B120: 26 VOLKSWAGEN GOLF R | C120: 51046.67 | D120: -53619.3 | E120: WVWJF7CD2TW204262 | F120: 22 | G120: =IFS(F120<31,"0-30",F120<61,"31-60",F120<91,"61-90",F120<121,"91-120",F120<181,"121-180",F120<301,"181-300",F120>300,"301 & +") -> 0-30
A121: 260454 | B121: 26 VOLKSWAGEN TIGUAN | C121: 47636.82 | D121: -50143.8 | E121: 3VVUW7RM3TM077978 | F121: 22 | G121: =IFS(F121<31,"0-30",F121<61,"31-60",F121<91,"61-90",F121<121,"91-120",F121<181,"121-180",F121<301,"181-300",F121>300,"301 & +") -> 0-30
A122: 260460 | B122: 26 VOLKSWAGEN TIGUAN | C122: 43374.82 | D122: -45668.7 | E122: 3VVGR7RM4TM077895 | F122: 22 | G122: =IFS(F122<31,"0-30",F122<61,"31-60",F122<91,"61-90",F122<121,"91-120",F122<181,"121-180",F122<301,"181-300",F122>300,"301 & +") -> 0-30
A123: 260455 | B123: 26 VOLKSWAGEN TAOS | C123: 38278.82 | D123: -40234.95 | E123: 3VV2C7B23TM052832 | F123: 22 | G123: =IFS(F123<31,"0-30",F123<61,"31-60",F123<91,"61-90",F123<121,"91-120",F123<181,"121-180",F123<301,"181-300",F123>300,"301 & +") -> 0-30
A124: 260465 | B124: 26 VOLKSWAGEN TIGUAN | C124: 42911.82 | D124: -45182.55 | E124: 3VVGR7RM7TM074375 | F124: 15 | G124: =IFS(F124<31,"0-30",F124<61,"31-60",F124<91,"61-90",F124<121,"91-120",F124<181,"121-180",F124<301,"181-300",F124>300,"301 & +") -> 0-30
A125: 260483 | B125: 26 VOLKSWAGEN TIGUAN | C125: 42471 | D125: -45182.55 | E125: 3VVGR7RM6TM076750 | F125: 15 | G125: =IFS(F125<31,"0-30",F125<61,"31-60",F125<91,"61-90",F125<121,"91-120",F125<181,"121-180",F125<301,"181-300",F125>300,"301 & +") -> 0-30
A126: 260478 | B126: 26 VOLKSWAGEN TIGUAN | C126: 39679.82 | D126: -41783.7 | E126: 3VVER7RM7TM076831 | F126: 15 | G126: =IFS(F126<31,"0-30",F126<61,"31-60",F126<91,"61-90",F126<121,"91-120",F126<181,"121-180",F126<301,"181-300",F126>300,"301 & +") -> 0-30
A127: 260479 | B127: 26 VOLKSWAGEN TAOS | C127: 38753 | D127: -41278.65 | E127: 3VV4C7B24TM052721 | F127: 15 | G127: =IFS(F127<31,"0-30",F127<61,"31-60",F127<91,"61-90",F127<121,"91-120",F127<181,"121-180",F127<301,"181-300",F127>300,"301 & +") -> 0-30
A128: 260475 | B128: 26 VOLKSWAGEN TAOS | C128: 37292 | D128: -39744.6 | E128: 3VV2C7B25TM050080 | F128: 15 | G128: =IFS(F128<31,"0-30",F128<61,"31-60",F128<91,"61-90",F128<121,"91-120",F128<181,"121-180",F128<301,"181-300",F128>300,"301 & +") -> 0-30
A129: 260466 | B129: 26 VOLKSWAGEN TAOS | C129: 37268.82 | D129: -39263.7 | E129: 3VV2C7B2XTM049944 | F129: 15 | G129: =IFS(F129<31,"0-30",F129<61,"31-60",F129<91,"61-90",F129<121,"91-120",F129<181,"121-180",F129<301,"181-300",F129>300,"301 & +") -> 0-30
A130: 260482 | B130: 26 VOLKSWAGEN TIGUAN | C130: 36984 | D130: -39421.2 | E130: 3VVBR7RM5TM079200 | F130: 15 | G130: =IFS(F130<31,"0-30",F130<61,"31-60",F130<91,"61-90",F130<121,"91-120",F130<181,"121-180",F130<301,"181-300",F130>300,"301 & +") -> 0-30
... A169: 260524 | B169: 26 VOLKSWAGEN JETTA SEDAN | C169: 27143 | D169: -28983.15 | E169: 3VWCW7BU2TM047596 | F169: 5 | G169: =IFS(F169<31,"0-30",F169<61,"31-60",F169<91,"61-90",F169<121,"91-120",F169<181,"121-180",F169<301,"181-300",F169>300,"301 & +") -> 0-30
A170: 260531 | B170: 26 VOLKSWAGEN GOLF R | C170: 50160 | E170: WVWCF7CDXTW188899 | F170: 4 | G170: =IFS(F170<31,"0-30",F170<61,"31-60",F170<91,"61-90",F170<121,"91-120",F170<181,"121-180",F170<301,"181-300",F170>300,"301 & +") -> 0-30
A171: 260573 | B171: 26 VOLKSWAGEN TIGUAN | C171: 39234 | D171: -41783.7 | E171: 3VVER7RM1TM081930 | F171: 2 | G171: =IFS(F171<31,"0-30",F171<61,"31-60",F171<91,"61-90",F171<121,"91-120",F171<181,"121-180",F171<301,"181-300",F171>300,"301 & +") -> 0-30
A172: 260532 | B172: 26 VOLKSWAGEN ATLAS | C172: 59333 | E172: 1V2FN2CA6TC547738 | F172: 1 | G172: =IFS(F172<31,"0-30",F172<61,"31-60",F172<91,"61-90",F172<121,"91-120",F172<181,"121-180",F172<301,"181-300",F172>300,"301 & +") -> 0-30
A173: 260535 | B173: 26 VOLKSWAGEN ATLAS | C173: 55020 | D173: -58359 | E173: 1V2CN2CA2TC559047 | F173: 1 | G173: =IFS(F173<31,"0-30",F173<61,"31-60",F173<91,"61-90",F173<121,"91-120",F173<181,"121-180",F173<301,"181-300",F173>300,"301 & +") -> 0-30
A174: 260538 | B174: 26 VOLKSWAGEN ATLAS | C174: 55020 | D174: -58359 | E174: 1V2CN2CA5TC559978 | F174: 1 | G174: =IFS(F174<31,"0-30",F174<61,"31-60",F174<91,"61-90",F174<121,"91-120",F174<181,"121-180",F174<301,"181-300",F174>300,"301 & +") -> 0-30
A175: 260536 | B175: 26 VOLKSWAGEN TIGUAN | C175: 42471 | D175: -45182.55 | E175: 3VVGR7RM5TM084838 | F175: 1 | G175: =IFS(F175<31,"0-30",F175<61,"31-60",F175<91,"61-90",F175<121,"91-120",F175<181,"121-180",F175<301,"181-300",F175>300,"301 & +") -> 0-30
A176: 260541 | B176: 26 VOLKSWAGEN TIGUAN | C176: 42471 | D176: -45182.55 | E176: 3VVGR7RM5TM085505 | F176: 1 | G176: =IFS(F176<31,"0-30",F176<61,"31-60",F176<91,"61-90",F176<121,"91-120",F176<181,"121-180",F176<301,"181-300",F176>300,"301 & +") -> 0-30
A177: 260542 | B177: 26 VOLKSWAGEN TIGUAN | C177: 42471 | D177: -45182.55 | E177: 3VVGR7RM1TM085582 | F177: 1 | G177: =IFS(F177<31,"0-30",F177<61,"31-60",F177<91,"61-90",F177<121,"91-120",F177<181,"121-180",F177<301,"181-300",F177>300,"301 & +") -> 0-30
A178: 260533 | B178: 26 VOLKSWAGEN GOLF GTI | C178: 41214 | E178: WVWNE7CDXTW217829 | F178: 1 | G178: =IFS(F178<31,"0-30",F178<61,"31-60",F178<91,"61-90",F178<121,"91-120",F178<181,"121-180",F178<301,"181-300",F178>300,"301 & +") -> 0-30
A179: 260537 | B179: 26 VOLKSWAGEN JETTA SEDAN | C179: 30048 | D179: -32033.4 | E179: 3VWSW7BUXTM049107 | F179: 1 | G179: =IFS(F179<31,"0-30",F179<61,"31-60",F179<91,"61-90",F179<121,"91-120",F179<181,"121-180",F179<301,"181-300",F179>300,"301 & +") -> 0-30
A180: 260534 | B180: 26 VOLKSWAGEN JETTA SEDAN | C180: 27143 | D180: -28983.15 | E180: 3VWCW7BU0TM049069 | F180: 1 | G180: =IFS(F180<31,"0-30",F180<61,"31-60",F180<91,"61-90",F180<121,"91-120",F180<181,"121-180",F180<301,"181-300",F180>300,"301 & +") -> 0-30
A181: 260539 | B181: 26 VOLKSWAGEN JETTA SEDAN | C181: 27143 | D181: -28983.15 | E181: 3VWCW7BU5TM048872 | F181: 1 | G181: =IFS(F181<31,"0-30",F181<61,"31-60",F181<91,"61-90",F181<121,"91-120",F181<181,"121-180",F181<301,"181-300",F181>300,"301 & +") -> 0-30
A182: 260540 | B182: 26 VOLKSWAGEN JETTA SEDAN | C182: 27143 | D182: -28983.15 | E182: 3VWCW7BU3TM049227 | F182: 1 | G182: =IFS(F182<31,"0-30",F182<61,"31-60",F182<91,"61-90",F182<121,"91-120",F182<181,"121-180",F182<301,"181-300",F182>300,"301 & +") -> 0-30
A183: 260552 | B183: 26 VOLKSWAGEN TIGUAN | C183: 42471 | D183: -45182.55 | E183: 3VVGR7RM4TM086564 | F183: 0 | G183: =IFS(F183<31,"0-30",F183<61,"31-60",F183<91,"61-90",F183<121,"91-120",F183<181,"121-180",F183<301,"181-300",F183>300,"301 & +") -> 0-30
A184: 260545 | B184: 26 VOLKSWAGEN TIGUAN | C184: 39234 | D184: -41783.7 | E184: 3VVER7RM6TM086041 | F184: 0 | G184: =IFS(F184<31,"0-30",F184<61,"31-60",F184<91,"61-90",F184<121,"91-120",F184<181,"121-180",F184<301,"181-300",F184>300,"301 & +") -> 0-30
A185: 260549 | B185: 26 VOLKSWAGEN TIGUAN | C185: 39234 | D185: -41783.7 | E185: 3VVER7RM8TM084372 | F185: 0 | G185: =IFS(F185<31,"0-30",F185<61,"31-60",F185<91,"61-90",F185<121,"91-120",F185<181,"121-180",F185<301,"181-300",F185>300,"301 & +") -> 0-30
A186: 260548 | B186: 26 VOLKSWAGEN TAOS | C186: 36834 | D186: -39263.7 | E186: 3VV2C7B22TM057181 | F186: 0 | G186: =IFS(F186<31,"0-30",F186<61,"31-60",F186<91,"61-90",F186<121,"91-120",F186<181,"121-180",F186<301,"181-300",F186>300,"301 & +") -> 0-30
A187: 260544 | B187: 26 VOLKSWAGEN TAOS | C187: 35260 | D187: -37611 | E187: 3VVUC7B21TM058184 | F187: 0 | G187: =IFS(F187<31,"0-30",F187<61,"31-60",F187<91,"61-90",F187<121,"91-120",F187<181,"121-180",F187<301,"181-300",F187>300,"301 & +") -> 0-30
A188: 260551 | B188: 26 VOLKSWAGEN TAOS | C188: 35260 | D188: -37611 | E188: 3VVUC7B27TM058481 | F188: 0 | G188: =IFS(F188<31,"0-30",F188<61,"31-60",F188<91,"61-90",F188<121,"91-120",F188<181,"121-180",F188<301,"181-300",F188>300,"301 & +") -> 0-30
A189: 260547 | B189: 26 VOLKSWAGEN JETTA GLI | C189: 35094 | D189: -37331.7 | E189: 3VW2M7BU0TM050675 | F189: 0 | G189: =IFS(F189<31,"0-30",F189<61,"31-60",F189<91,"61-90",F189<121,"91-120",F189<181,"121-180",F189<301,"181-300",F189>300,"301 & +") -> 0-30
A190: 260546 | B190: 26 VOLKSWAGEN JETTA SEDAN | C190: 30048 | D190: -32033.4 | E190: 3VWSW7BU3TM050924 | F190: 0 | G190: =IFS(F190<31,"0-30",F190<61,"31-60",F190<91,"61-90",F190<121,"91-120",F190<181,"121-180",F190<301,"181-300",F190>300,"301 & +") -> 0-30
A191: 260550 | B191: 26 VOLKSWAGEN JETTA SEDAN | C191: 27143 | D191: -28983.15 | E191: 3VWCW7BU5TM050735 | F191: 0 | G191: =IFS(F191<31,"0-30",F191<61,"31-60",F191<91,"61-90",F191<121,"91-120",F191<181,"121-180",F191<301,"181-300",F191>300,"301 & +") -> 0-30
A192: 260551 | B192: 26 VOLKSWAGEN TAOS | E192: 3VVUC7B27TM058481
A193: 260552 | B193: 26 VOLKSWAGEN TIGUAN | E193: 3VVGR7RM4TM086564
...

Sheet Usages
A1: #Contrôle | B1: Description | C1: 1416 | D1: 2103 | E1: NIV | F1: Jours en stock | G1: Classement | J1: $ Inventaire | K1: $ Financé
A2: 5188P | B2: 11 VOLKSWAGEN JETTA SEDAN | C2: 8407.04 | E2: 3VWLL7AJ3BM097101 | F2: 1406 | G2: =IFS(F2<31,"0-30",F2<61,"31-60",F2<91,"61-90",F2<121,"91-120",F2<181,"121-180",F2<301,"181-300",F2>300,"301 & +") -> 301 & + | I2: CTRL | J2: =SUM(C:C) -> 1085450.6 | K2: =SUM(D:D) -> -630898.37
A3: 5291P | B3: 20 VOLKSWAGEN E-GOLF | C3: 20835.53 | E3: WVWPR7AU2LW903993 | F3: 1244 | G3: =IFS(F3<31,"0-30",F3<61,"31-60",F3<91,"61-90",F3<121,"91-120",F3<181,"121-180",F3<301,"181-300",F3>300,"301 & +") -> 301 & + | I3: # unités | J3: =COUNT(C:C) -> 50 | K3: =-K2/J2 -> 0.58123174
A4: 5407P | B4: 19 GMC SAVANA CARGO VA | C4: 34035.72 | E4: 1GTW7BFP1K1340423 | F4: 1061 | G4: =IFS(F4<31,"0-30",F4<61,"31-60",F4<91,"61-90",F4<121,"91-120",F4<181,"121-180",F4<301,"181-300",F4>300,"301 & +") -> 301 & +
A5: 260266A | B5: 19 VOLKSWAGEN JETTA | C5: 10550 | E5: 3VWC57BU1KM057327 | F5: 102 | G5: =IFS(F5<31,"0-30",F5<61,"31-60",F5<91,"61-90",F5<121,"91-120",F5<181,"121-180",F5<301,"181-300",F5>300,"301 & +") -> 91-120
A6: 260227A | B6: 24 VOLKSWAGEN ATLAS CROSS SPO | C6: 43517.19 | D6: -44625 | E6: 1V2FE2CAXRC210319 | F6: 92 | G6: =IFS(F6<31,"0-30",F6<61,"31-60",F6<91,"61-90",F6<121,"91-120",F6<181,"121-180",F6<301,"181-300",F6>300,"301 & +") -> 91-120 | N6: Financé | O6: Interet / mois | P6: Interet / auto
A7: 260067A | B7: 22 VOLKSWAGEN TAOS | C7: 16932.29 | D7: -17528.7 | E7: 3VVAX7B24NM045018 | F7: 77 | G7: =IFS(F7<31,"0-30",F7<61,"31-60",F7<91,"61-90",F7<121,"91-120",F7<181,"121-180",F7<301,"181-300",F7>300,"301 & +") -> 61-90 | I7: Plus de 365 jrs | J7: =COUNTIF(F:F,">=365") -> 3 | K7: =SUMIF(F:F,">=365",C:C) -> 63278.29 | M7: =COUNTIFS(F:F,">=365",D:D,"<>"&"") -> 0 | N7: =SUMIF(F:F,">=365",D:D) -> 0 | O7: =N7*0.07/12 -> 0 | P7: =IF(J7=0,0,O7/J7) -> 0
A8: 5916P | B8: 22 VOLKSWAGEN TAOS | C8: 19432.29 | E8: 3VVLX7B27NM077731 | F8: 68 | G8: =IFS(F8<31,"0-30",F8<61,"31-60",F8<91,"61-90",F8<121,"91-120",F8<181,"121-180",F8<301,"181-300",F8>300,"301 & +") -> 61-90 | I8: Entre 180 et 364 jours | J8: =COUNTIFS(F:F,"<365",F:F,">=180") -> 0 | K8: =SUMIFS(C:C,F:F,"<365",F:F,">=180") -> 0 | M8: =COUNTIFS(F:F,"<365",F:F,">=180",D:D,"<>"&"") -> 0 | N8: =SUMIFS(D:D,F:F,"<365",F:F,">=180") -> 0 | O8: =N8*0.07/12 -> 0 | P8: =IF(J8=0,0,O8/J8) -> 0
A9: 260274A | B9: 22 VOLKSWAGEN TAOS | C9: 21412.29 | E9: 3VV2X7B2XNM074396 | F9: 63 | G9: =IFS(F9<31,"0-30",F9<61,"31-60",F9<91,"61-90",F9<121,"91-120",F9<181,"121-180",F9<301,"181-300",F9>300,"301 & +") -> 61-90 | I9: Entre 90 et 179 jours | J9: =COUNTIFS(F:F,"<180",F:F,">=90") -> 2 | K9: =SUMIFS(C:C,F:F,"<180",F:F,">=90") -> 54067.19 | M9: =COUNTIFS(F:F,"<180",F:F,">=90",D:D,"<>"&"") -> 1 | N9: =SUMIFS(D:D,F:F,"<180",F:F,">=90") -> -44625 | O9: =N9*0.07/12 -> -260.3125 | P9: =IF(M9=0,0,O9/M9) -> -260.3125
A10: 260155A | B10: 24 VOLKSWAGEN TIGUAN | C10: 29432.29 | E10: 3VV8B7AX0RM019399 | F10: 60 | G10: =IFS(F10<31,"0-30",F10<61,"31-60",F10<91,"61-90",F10<121,"91-120",F10<181,"121-180",F10<301,"181-300",F10>300,"301 & +") -> 31-60 | I10: Entre 0 et 89 jours | J10: =COUNTIF(F:F,"<90") -> 45 | K10: =SUMIF(F:F,"<90",C:C) -> 968105.17 | M10: =COUNTIFS(F:F,"<90",D:D,"<>"&"") -> 24 | N10: =SUMIF(F:F,"<90",D:D) -> -586273.37 | O10: =N10*0.07/12 -> -3419.928 | P10: =IF(M10=0,0,O10/M10) -> -142.497
A11: 260249A | B11: 22 VOLKSWAGEN TAOS | C11: 22033.99 | D11: -20549 | E11: 3VV3X7B22NM045639 | F11: 60 | G11: =IFS(F11<31,"0-30",F11<61,"31-60",F11<91,"61-90",F11<121,"91-120",F11<181,"121-180",F11<301,"181-300",F11>300,"301 & +") -> 31-60
A12: 260344A | B12: 22 VOLKSWAGEN TIGUAN | C12: 26522.19 | D12: -24927.02 | E12: 3VV4B7AX3NM143448 | F12: 54 | G12: =IFS(F12<31,"0-30",F12<61,"31-60",F12<91,"61-90",F12<121,"91-120",F12<181,"121-180",F12<301,"181-300",F12>300,"301 & +") -> 31-60
A13: 5921P | B13: 22 VOLKSWAGEN TAOS | C13: 19117.48 | D13: -19985.19 | E13: 3VVLX7B2XNM070191 | F13: 54 | G13: =IFS(F13<31,"0-30",F13<61,"31-60",F13<91,"61-90",F13<121,"91-120",F13<181,"121-180",F13<301,"181-300",F13>300,"301 & +") -> 31-60
A14: 260339A | B14: 24 VOLKSWAGEN GOLF GTI | C14: 36407.24 | D14: -36875 | E14: WVWWA7CD7RW232734 | F14: 53 | G14: =IFS(F14<31,"0-30",F14<61,"31-60",F14<91,"61-90",F14<121,"91-120",F14<181,"121-180",F14<301,"181-300",F14>300,"301 & +") -> 31-60
A15: 5923P | B15: 23 VOLKSWAGEN TAOS | C15: 26776.29 | D15: -22899.6 | E15: 3VV2X7B2XPM335318 | F15: 49 | G15: =IFS(F15<31,"0-30",F15<61,"31-60",F15<91,"61-90",F15<121,"91-120",F15<181,"121-180",F15<301,"181-300",F15>300,"301 & +") -> 31-60
A16: 260123A | B16: 22 VOLKSWAGEN TAOS | C16: 17150 | D16: -17473.05 | E16: 3VVAX7B26NM043965 | F16: 46 | G16: =IFS(F16<31,"0-30",F16<61,"31-60",F16<91,"61-90",F16<121,"91-120",F16<181,"121-180",F16<301,"181-300",F16>300,"301 & +") -> 31-60
A17: 5925P | B17: 22 VOLKSWAGEN ATLAS | C17: 27857.29 | D17: -24629.85 | E17: 1V2BP2CA8NC519029 | F17: 42 | G17: =IFS(F17<31,"0-30",F17<61,"31-60",F17<91,"61-90",F17<121,"91-120",F17<181,"121-180",F17<301,"181-300",F17>300,"301 & +") -> 31-60
A18: 5926P | B18: 22 VOLKSWAGEN TIGUAN | C18: 24357.29 | D18: -22131 | E18: 3VV4B7AX4NM052527 | F18: 41 | G18: =IFS(F18<31,"0-30",F18<61,"31-60",F18<91,"61-90",F18<121,"91-120",F18<181,"121-180",F18<301,"181-300",F18>300,"301 & +") -> 31-60
A19: 260400A | B19: 22 VOLKSWAGEN ATLAS | C19: 27332.29 | D19: -24580.1 | E19: 1V2LR2CA1NC546457 | F19: 34 | G19: =IFS(F19<31,"0-30",F19<61,"31-60",F19<91,"61-90",F19<121,"91-120",F19<181,"121-180",F19<301,"181-300",F19>300,"301 & +") -> 31-60
A20: 260367A | B20: 23 VOLKSWAGEN TAOS | C20: 20332.29 | E20: 3VVNX7B24PM333190 | F20: 34 | G20: =IFS(F20<31,"0-30",F20<61,"31-60",F20<91,"61-90",F20<121,"91-120",F20<181,"121-180",F20<301,"181-300",F20>300,"301 & +") -> 31-60
A21: 260371A | B21: 22 VOLKSWAGEN TIGUAN | C21: 22332.29 | D21: -19852 | E21: 3VV2B7AXXNM073812 | F21: 33 | G21: =IFS(F21<31,"0-30",F21<61,"31-60",F21<91,"61-90",F21<121,"91-120",F21<181,"121-180",F21<301,"181-300",F21>300,"301 & +") -> 31-60
A22: 260076B | B22: 20 VOLKSWAGEN GOLF | C22: 17412.24 | E22: 3VWG57AU7LM007441 | F22: 32 | G22: =IFS(F22<31,"0-30",F22<61,"31-60",F22<91,"61-90",F22<121,"91-120",F22<181,"121-180",F22<301,"181-300",F22>300,"301 & +") -> 31-60
A23: 5928P | B23: 22 VOLKSWAGEN ATLAS | C23: 27031.29 | D23: -25189 | E23: 1V2BR2CA7NC524006 | F23: 28 | G23: =IFS(F23<31,"0-30",F23<61,"31-60",F23<91,"61-90",F23<121,"91-120",F23<181,"121-180",F23<301,"181-300",F23>300,"301 & +") -> 0-30
A24: 5929P | B24: 23 VOLKSWAGEN ATLAS CROSS SPO | C24: 31450.34 | D24: -36846.85 | E24: 1V2SE2CA6PC205971 | F24: 27 | G24: =IFS(F24<31,"0-30",F24<61,"31-60",F24<91,"61-90",F24<121,"91-120",F24<181,"121-180",F24<301,"181-300",F24>300,"301 & +") -> 0-30
A25: 260235A | B25: 21 VOLKSWAGEN JETTA | C25: 15332.29 | D25: -11778.79 | E25: 3VWE57BU5MM036962 | F25: 25 | G25: =IFS(F25<31,"0-30",F25<61,"31-60",F25<91,"61-90",F25<121,"91-120",F25<181,"121-180",F25<301,"181-300",F25>300,"301 & +") -> 0-30
A26: 260363A | B26: 24 VOLKSWAGEN ATLAS | C26: 43425.59 | D26: -45484.42 | E26: 1V2FR2CA5RC522746 | F26: 22 | G26: =IFS(F26<31,"0-30",F26<61,"31-60",F26<91,"61-90",F26<121,"91-120",F26<181,"121-180",F26<301,"181-300",F26>300,"301 & +") -> 0-30
A27: 260431A | B27: 22 VOLKSWAGEN ATLAS | C27: 35320.69 | E27: 1V2FR2CA1NC542986 | F27: 22 | G27: =IFS(F27<31,"0-30",F27<61,"31-60",F27<91,"61-90",F27<121,"91-120",F27<181,"121-180",F27<301,"181-300",F27>300,"301 & +") -> 0-30
A28: 260404A | B28: 22 VOLKSWAGEN ATLAS | C28: 31177.59 | D28: -28614.25 | E28: 1V2BR2CA7NC553103 | F28: 22 | G28: =IFS(F28<31,"0-30",F28<61,"31-60",F28<91,"61-90",F28<121,"91-120",F28<181,"121-180",F28<301,"181-300",F28>300,"301 & +") -> 0-30
A29: 260414A | B29: 22 VOLKSWAGEN TAOS | C29: 21632.29 | D29: -21594.66 | E29: 3VV2X7B28NM078172 | F29: 21 | G29: =IFS(F29<31,"0-30",F29<61,"31-60",F29<91,"61-90",F29<121,"91-120",F29<181,"121-180",F29<301,"181-300",F29>300,"301 & +") -> 0-30
A30: 260397A | B30: 18 MERCEDES LIGHT TRUCK GLC | C30: 23152.38 | E30: WDC0G4KB8JV111587 | F30: 19 | G30: =IFS(F30<31,"0-30",F30<61,"31-60",F30<91,"61-90",F30<121,"91-120",F30<181,"121-180",F30<301,"181-300",F30>300,"301 & +") -> 0-30
A31: 5934P | B31: 22 VOLKSWAGEN TIGUAN | C31: 22218.24 | D31: -20754 | E31: 3VV8B7AX0NM067821 | F31: 14 | G31: =IFS(F31<31,"0-30",F31<61,"31-60",F31<91,"61-90",F31<121,"91-120",F31<181,"121-180",F31<301,"181-300",F31>300,"301 & +") -> 0-30
A32: 5933P | B32: 21 VOLKSWAGEN ATLAS | C32: 21650 | D32: -21200 | E32: 1V2FR2CA4MC545959 | F32: 14 | G32: =IFS(F32<31,"0-30",F32<61,"31-60",F32<91,"61-90",F32<121,"91-120",F32<181,"121-180",F32<301,"181-300",F32>300,"301 & +") -> 0-30
A33: 5935P | B33: 22 VOLKSWAGEN GOLF R | C33: 36950 | D33: -29343 | E33: WVWEB7CD9NW160664 | F33: 13 | G33: =IFS(F33<31,"0-30",F33<61,"31-60",F33<91,"61-90",F33<121,"91-120",F33<181,"121-180",F33<301,"181-300",F33>300,"301 & +") -> 0-30
A34: 260358A | B34: 21 VOLKSWAGEN TIGUAN | C34: 16649.85 | E34: 3VV2B7AX1MM129019 | F34: 12 | G34: =IFS(F34<31,"0-30",F34<61,"31-60",F34<91,"61-90",F34<121,"91-120",F34<181,"121-180",F34<301,"181-300",F34>300,"301 & +") -> 0-30
A35: 260477A | B35: 22 VOLKSWAGEN TIGUAN | C35: 26334.29 | D35: -24063 | E35: 3VV4B7AXXNM096385 | F35: 11 | G35: =IFS(F35<31,"0-30",F35<61,"31-60",F35<91,"61-90",F35<121,"91-120",F35<181,"121-180",F35<301,"181-300",F35>300,"301 & +") -> 0-30
A36: 260217A | B36: 22 VOLKSWAGEN TAOS | C36: 22584.29 | D36: -20518 | E36: 3VV3X7B26NM065182 | F36: 11 | G36: =IFS(F36<31,"0-30",F36<61,"31-60",F36<91,"61-90",F36<121,"91-120",F36<181,"121-180",F36<301,"181-300",F36>300,"301 & +") -> 0-30
A37: 5938P | B37: 21 VOLKSWAGEN ATLAS CROSS SPO | C37: 24150.55 | E37: 1V2BC2CAXMC221804 | F37: 8 | G37: =IFS(F37<31,"0-30",F37<61,"31-60",F37<91,"61-90",F37<121,"91-120",F37<181,"121-180",F37<301,"181-300",F37>300,"301 & +") -> 0-30
A38: 260452A | B38: 24 VOLKSWAGEN TIGUAN | C38: 26656.16 | D38: -30109.89 | E38: 3VVMB7AX5RM088409 | F38: 7 | G38: =IFS(F38<31,"0-30",F38<61,"31-60",F38<91,"61-90",F38<121,"91-120",F38<181,"121-180",F38<301,"181-300",F38>300,"301 & +") -> 0-30
A39: 260476A | B39: 23 VOLKSWAGEN TAOS | C39: 16950 | E39: 3VVAX7B22PM330481 | F39: 6 | G39: =IFS(F39<31,"0-30",F39<61,"31-60",F39<91,"61-90",F39<121,"91-120",F39<181,"121-180",F39<301,"181-300",F39>300,"301 & +") -> 0-30
A40: 260463A | B40: 22 VOLKSWAGEN TIGUAN | C40: 20834.29 | D40: -19347 | E40: 3VV2B7AX4NM053314 | F40: 5 | G40: =IFS(F40<31,"0-30",F40<61,"31-60",F40<91,"61-90",F40<121,"91-120",F40<181,"121-180",F40<301,"181-300",F40>300,"301 & +") -> 0-30
A41: 260346A | B41: 22 HYUNDAI TUCSON | C41: 17950 | E41: KM8JB3AE1NU023650 | F41: 5 | G41: =IFS(F41<31,"0-30",F41<61,"31-60",F41<91,"61-90",F41<121,"91-120",F41<181,"121-180",F41<301,"181-300",F41>300,"301 & +") -> 0-30
A42: 260388B | B42: 14 AUDI A4 | C42: 6450 | E42: WAUFFCFL1EN022804 | F42: 5 | G42: =IFS(F42<31,"0-30",F42<61,"31-60",F42<91,"61-90",F42<121,"91-120",F42<181,"121-180",F42<301,"181-300",F42>300,"301 & +") -> 0-30
A43: 5939P | B43: 22 VOLKSWAGEN TIGUAN | C43: 19988 | E43: 3VV2B7AX1NM071253 | F43: 4 | G43: =IFS(F43<31,"0-30",F43<61,"31-60",F43<91,"61-90",F43<121,"91-120",F43<181,"121-180",F43<301,"181-300",F43>300,"301 & +") -> 0-30
A44: 260331A | B44: 18 NISSAN QASHQAI | C44: 13450 | E44: JN1BJ1CR2JW255952 | F44: 1 | G44: =IFS(F44<31,"0-30",F44<61,"31-60",F44<91,"61-90",F44<121,"91-120",F44<181,"121-180",F44<301,"181-300",F44>300,"301 & +") -> 0-30
A45: 260115B | B45: 10 MAZDA MAZDA3 | C45: 1950 | E45: JM1BL1SF6A1309216 | F45: 1 | G45: =IFS(F45<31,"0-30",F45<61,"31-60",F45<91,"61-90",F45<121,"91-120",F45<181,"121-180",F45<301,"181-300",F45>300,"301 & +") -> 0-30
A46: 260313A | B46: 24 VOLKSWAGEN GOLF GTI | C46: 24450 | E46: WVWJA7CD8RW148254 | F46: 0 | G46: =IFS(F46<31,"0-30",F46<61,"31-60",F46<91,"61-90",F46<121,"91-120",F46<181,"121-180",F46<301,"181-300",F46>300,"301 & +") -> 0-30
A47: 260370A | B47: 22 VOLKSWAGEN TIGUAN | C47: 22450 | E47: 3VV8B7AX3NM010822 | F47: 0 | G47: =IFS(F47<31,"0-30",F47<61,"31-60",F47<91,"61-90",F47<121,"91-120",F47<181,"121-180",F47<301,"181-300",F47>300,"301 & +") -> 0-30
A48: 260005A | B48: 22 VOLKSWAGEN TAOS | C48: 18227 | E48: 3VVAX7B25NM078335 | F48: 0 | G48: =IFS(F48<31,"0-30",F48<61,"31-60",F48<91,"61-90",F48<121,"91-120",F48<181,"121-180",F48<301,"181-300",F48>300,"301 & +") -> 0-30
A49: 260408B | B49: 13 VOLKSWAGEN JETTA SEDAN | C49: 2450 | E49: 3VW2K7AJ8DM448487 | F49: 0 | G49: =IFS(F49<31,"0-30",F49<61,"31-60",F49<91,"61-90",F49<121,"91-120",F49<181,"121-180",F49<301,"181-300",F49>300,"301 & +") -> 0-30
A50: 250637A | B50: 11 TOYOTA HIGHLANDER HYBR | C50: 1450 | E50: JTEBC3EH8B2000282 | F50: 0 | G50: =IFS(F50<31,"0-30",F50<61,"31-60",F50<91,"61-90",F50<121,"91-120",F50<181,"121-180",F50<301,"181-300",F50>300,"301 & +") -> 0-30
A51: 260403A | B51: 12 VOLKSWAGEN JETTA SEDAN | C51: 950 | E51: 3VW1K7AJXCM364598 | F51: 0 | G51: =IFS(F51<31,"0-30",F51<61,"31-60",F51<91,"61-90",F51<121,"91-120",F51<181,"121-180",F51<301,"181-300",F51>300,"301 & +") -> 0-30
